Specialty,Emergence_Year,Current_Demand_2025,Projected_Demand_2030,Avg_Salary_2025_USD,Growth_Rate_Percent
AI QA Engineer,2019,85,98,109000,385
ML Model Validator,2020,72,92,115000,320
Data QA Engineer,2018,88,95,100700,280
DevOps QA Engineer,2017,92,98,98500,245
Security QA Specialist,2016,88,95,105000,185
Cloud QA Architect,2019,82,92,118000,265
Test Data Scientist,2021,68,88,112000,295
Prompt Testing Engineer,2023,78,92,105000,425
API Testing Specialist,2016,95,98,92000,168
Performance Engineering Lead,2015,82,88,108000,152
Accessibility Testing Expert,2017,72,82,88000,185
IoT QA Specialist,2018,68,85,95000,225
Blockchain Test Engineer,2020,48,72,102000,285
AI Agent Supervisor,2024,65,92,125000,485
Responsible AI Validator,2023,62,88,118000,395
